x,rho,u,p,e
0.0,1.0,0.0,1.0,2.5
0.2,1.0,0.0,1.0,2.5
0.33,1.0,0.0,1.0,2.5
0.4,0.426319,1.36716,0.265574,4.02216
0.5,0.426319,1.36716,0.265574,4.02216
0.67,0.426319,1.36716,0.265574,4.02216
0.7,0.265574,1.571,0.176227,3.8145
0.8,0.265574,1.571,0.176227,3.8145
0.85,0.125,0.0,0.1,2.0
1.0,0.125,0.0,0.1,2.0
