n,u_max,Q
0.5,0.0625,0.03333
0.75,0.09375,0.05556
1.0,0.125,0.08333
1.25,0.15625,0.11364
1.5,0.1875,0.14667
