n,u_max,Q
0.5,0.041667,0.031250
0.75,0.085039,0.059528
1.0,0.125000,0.083333
1.25,0.159541,0.102562
1.5,0.188988,0.118118
