eta,u_Uinf
0.0,0.0
0.2,0.06641
0.4,0.13277
0.6,0.19894
0.8,0.26471
1.0,0.32978
1.2,0.39378
1.4,0.45627
1.6,0.51676
1.8,0.57477
2.0,0.62977
2.2,0.68132
2.4,0.72899
2.6,0.77246
2.8,0.81152
3.0,0.84605
3.2,0.87609
3.4,0.90177
3.6,0.92333
3.8,0.94112
4.0,0.95552
4.2,0.96696
4.4,0.97587
4.6,0.98269
4.8,0.98779
5.0,0.99155
5.2,0.99425
5.4,0.99616
5.6,0.99748
5.8,0.99838
6.0,0.99898
