quantity,value
n,1.0
u_max_center,0.07367612507328368
Q,0.031690292351982965
